emotion,dominant_emotion,region,Rótulo Real
"{'angry': 2.645445428788662, 'disgust': 0.02128688502125442, 'fear': 2.9442932456731796, 'happy': 83.36446285247803, 'sad': 0.5325150676071644, 'surprise': 8.799789100885391, 'neutral': 1.692211627960205}",happy,"{'x': 0, 'y': 0, 'w': 48, 'h': 48}",happy
